,0
GME,473
TSLA,295
PLTR,144
MVIS,82
T,61
AMD,44
TLRY,36
VIAC,29
RIOT,28
BB,26
NIO,23
MARA,23
F,21
RKT,19
SQ,19
DISCA,18
AAPL,18
DIS,17
R,17
FSR,15
HD,13
BABA,12
DKNG,11
PLUG,10
FUBO,9
MSFT,9
ABNB,8
WMT,8
G,7
GOEV,7
BNGO,6
C,6
E,6
NOK,6
CLNE,6
NKLA,5
CCL,5
NVDA,5
ROKU,5
L,5
TA,5
NEW,5
AAL,5
MGM,5
CRSR,5
W,5
M,5
GOLD,5
XOM,5
RTX,4
TTCF,4
XL,4
WOW,4
DASH,4
X,4
CLF,4
O,4
BA,4
ET,4
AMZN,3
B,3
WKHS,3
V,3
TV,3
TWNK,3
NFLX,3
FREE,3
MSTR,3
NYT,3
K,2
NNDM,2
RUN,2
INO,2
APHA,2
SKLZ,2
BOOM,2
MRVI,2
ROLL,2
ROCK,2
SPCE,2
FCX,2
TTD,2
TDOC,2
LAND,2
FB,2
VERY,2
CC,2
PLAY,2
JPM,2
DG,2
PRPL,2
QS,2
TECH,2
RC,2
Z,2
GEVO,2
TSM,2
INTC,2
OI,2
LOW,2
PE,2
AN,2
MAN,2
REAL,2
CHWY,2
TEAM,2
J,2
TTWO,1
GF,1
CARS,1
USB,1
INFO,1
IBM,1
PINS,1
TWO,1
SI,1
VLDR,1
CHEF,1
SAVA,1
TD,1
SBUX,1
SON,1
BIDU,1
API,1
GM,1
PLUS,1
BP,1
GD,1
IQ,1
DTE,1
SDC,1
NSA,1
KO,1
FCEL,1
DM,1
HUYA,1
BBBY,1
MT,1
SKY,1
AI,1
CIA,1
BKR,1
GAIN,1
SNP,1
MU,1
TGT,1
FDS,1
NUE,1
OKTA,1
FEYE,1
CCIV,1
IPA,1
ETSY,1
HYLN,1
TWTR,1
SE,1
NEM,1
PAAS,1
AA,1
CHA,1
FLIR,1
Y,1
H,1
FUND,1
GS,1
EVER,1
WFC,1
ASO,1
BYND,1
CAT,1
NCR,1
BAC,1
MA,1
TY,1
BJ,1
DISCK,1
D,1
CVS,1
CBD,1
HOG,1
HL,1
BC,1
SUMO,1
LL,1
MFA,1
ZM,1
UPS,1
FLY,1
CASH,1
BEAT,1
SNOW,1
SP,1
ROOT,1
PYPL,1
WORK,1
WDC,1
DOW,1
SIX,1
STNE,1
NBA,1
CAR,1
PRO,1
FAST,1
JD,1
OLED,1
BILL,1
MEN,1
ALLY,1
FSD,1
LE,1
TJX,1
